{
    "events": [
        {
            "type": "executeEvent",
            "data": {
                "events": [
                    {
                        "name": "add",
                        "predicate": "var name = container.find(\"#name\");\nvar nr = container.find(\"#nr\"); \n\nreturn \"name = \" + name.val() + \" & nr = \" + nr.val();",
                        "predicateJs": true
                    }
                ],
                "tooltip": true,
                "label": "\n                var predicateStr = event.predicate ? '(' + event.predicate + ')' : '';\n                return '<span>' + event.name + predicateStr + '</span>';\n              ",
                "callback": "alert(data.event.predicate + \" successfully added to phonebook!\");",
                "selector": "#bt_add"
            }
        },
        {
            "type": "executeEvent",
            "data": {
                "events": [
                    {
                        "name": "lookup",
                        "predicate": "return \"name = \" + container.find(\"#nnsearch\").val();",
                        "predicateJs": true
                    }
                ],
                "tooltip": true,
                "label": "if(event.canExecute) {\n  return '<span>Search for ' + event.predicate + ' in phonebook.</span>';\n} else {\n  return '<span>' + event.predicate + ' not in phonebook.</span>';\n}\n\n",
                "callback": "alert(\"Number of \" + data.event.predicate + \" is: \" + data.returnValues[0]);",
                "selector": "#bt_search"
            }
        },
        {
            "type": "executeEvent",
            "data": {
                "events": [
                    {
                        "name": "lock",
                        "predicate": ""
                    },
                    {
                        "name": "unlock",
                        "predicate": ""
                    }
                ],
                "tooltip": true,
                "selector": "#lock"
            }
        }
    ]
}