{
  "model": "model/m913.bcm",
  "views": [{
    "id": "hd",
    "name": "Hemodialysis Machine Case Study (HD Machine)",
    "template": "hd.html",
    "autoOpen": [
      "CurrentTrace",
      "Events"
    ],
    "width": 700,
    "height": 780,
    "observers": "json/hd.observers.json",
    "events": "json/hd.events.json"
  }, {
    "id": "display",
    "name": "Hemodialysis Machine Case Study (Display)",
    "template": "display.html",
    "width": 550,
    "height": 500,
    "observers": "json/display.observers.json",
    "events": "json/display.events.json"
  }]
}
