{
    "observers": [
        {
            "type": "formula",
            "data": {
                "formulas": [
                    "connected_concentrate"
                ],
                "cause": "AnimationChanged",
                "trigger": "origin.attr(\"opacity\", values[0] === \"CONCENTRATE_NONE\" ? 0 : 1)\norigin.find(\"text\").text(values[0].replace(\"CONCENTRATE_\", \"\"))",
                "selector": "#connected_concentrate",
                "refinement": "m7"
            }
        },
        {
            "type": "formula",
            "data": {
                "formulas": [
                    "PATIENT_CONNECTIONS"
                ],
                "cause": "AnimationChanged",
                "trigger": "var ven = origin.find(\"#connected_venously\");\nvar art = origin.find(\"#connected_aterially\");\nvar patient = origin.find(\"#patient\");\nif (values[0] === \"PATIENT_BOTH_CONNECTED\") {\n  patient.attr(\"opacity\", 1);\n  ven.attr(\"opacity\", 1);\n  art.attr(\"opacity\", 1);\n} else if(values[0] === \"PATIENT_ARTERIALLY_CONNECTED\"){\n  patient.attr(\"opacity\", 1);\n  ven.attr(\"opacity\", 0);\n  art.attr(\"opacity\", 1);\n} else if(values[0] === \"PATIENT_VENOUSLY_CONNECTED\"){\n  patient.attr(\"opacity\", 1);\n  ven.attr(\"opacity\", 1);\n  art.attr(\"opacity\", 0);\n} else {\n  patient.attr(\"opacity\", 0);\n  ven.attr(\"opacity\", 0);\n  art.attr(\"opacity\", 0);\n}",
                "selector": "#patient_connection",
                "refinement": "m910"
            }
        },
        {
            "type": "formula",
            "data": {
                "formulas": [
                    "pressure(AP)"
                ],
                "cause": "AnimationChanged",
                "trigger": "origin.find(\"#AP_value\").text(values[0] + \" mmHg\");",
                "selector": "#AP_display",
                "refinement": "m912"
            }
        },
        {
            "type": "formula",
            "data": {
                "formulas": [
                    "pressure(BEP)"
                ],
                "cause": "AnimationChanged",
                "trigger": "origin.find(\"#BEP_value\").text(values[0] + \" mmHg\");",
                "selector": "#BEP_display",
                "refinement": "m912"
            }
        },
        {
            "type": "formula",
            "data": {
                "formulas": [
                    "pressure(VP)"
                ],
                "cause": "AnimationChanged",
                "trigger": "origin.find(\"#VP_value\").text(values[0] + \" mmHg\");",
                "selector": "#VP_display",
                "refinement": "m912"
            }
        },
        {
            "type": "formula",
            "data": {
                "formulas": [
                    "BP_running"
                ],
                "cause": "AnimationChanged",
                "trigger": "var bp_value = origin.find(\"#BP_value\");\nvar patient_blood_flow = origin.find(\"#patient_blood_flow\");\nif(values[0]) {\n\tbp_value.text(\"Running\");\n    patient_blood_flow.attr(\"opactiy\",\"1\");\n} else {\n  bp_value.text(\"Not running\");\n  patient_blood_flow.attr(\"opacity\",\"0\");\n}",
                "selector": "#blood_pump",
                "translate": true,
                "refinement": "m913"
            }
        },
        {
            "type": "refinement",
            "data": {
                "refinement": "m913",
                "selector": "#blood_pump",
                "enable": "origin.attr(\"opacity\",1);",
                "disable": "origin.attr(\"opacity\",0);"
            }
        },
        {
            "type": "refinement",
            "data": {
                "refinement": "m915",
                "selector": "#m915",
                "enable": "origin.attr(\"visibility\",\"visible\");",
                "disable": "origin.attr(\"visibility\",\"hidden\");"
            }
        },
        {
            "type": "refinement",
            "data": {
                "refinement": "m912",
                "selector": "#m912",
                "enable": "origin.attr(\"visibility\",\"visible\");",
                "disable": "origin.attr(\"visibility\",\"hidden\");"
            }
        },
        {
            "type": "refinement",
            "data": {
                "refinement": "m7",
                "selector": "#connected_concentrate",
                "enable": "origin.attr(\"visibility\",\"visible\");",
                "disable": "origin.attr(\"visibility\",\"hidden\");"
            }
        }
    ]
}